number,title,key,location,year,genre,count_per_genre
001a,Andante for Harpsichord,C Major,Salzburg,1761,Piano Pieces,48
001b,Allegro for Harpsichord,C Major,Salzburg,1761,Piano Pieces,48
001c,Allegro for Harpsichord,F Major,Salzburg,1761,Piano Pieces,48
001d,Minuet for Harpsichord,F Major,Salzburg,1761,Piano Pieces,48
001e,Minuet for Harpsichord,G Major,Paris,1763,Piano Pieces,48
001f,Minuet for Harpsichord,C Major,Paris,1763,Piano Pieces,48
002,Minuet for Harpsichord,F Major,Salzburg,1762,Piano Pieces,48
003,Allegro for Harpsichord,B Flat Major,Salzburg,1762,Piano Pieces,48
004,Minuet for Harpsichord,F Major,Salzburg,1762,Piano Pieces,48
005,Minuet for Harpsichord,F Major,Salzburg,1762,Piano Pieces,48
006,Sonata for Harpsichord & Violin,C Major,Paris,1764,Sonatas and Variations for Piano and Violin,41
007,Sonata for Harpsichord & Violin,D Major,Paris,1764,Sonatas and Variations for Piano and Violin,41
008,Sonata for Harpsichord & Violin,B Flat Major,Paris,1764,Sonatas and Variations for Piano and Violin,41
009,Sonata for Harpsichord & Violin,G Major,Paris,1764,Sonatas and Variations for Piano and Violin,41
009a,Klavierstück for Harpsichord,C Major,Salzburg,1763,Piano Pieces,48
009b,Andante for Harpsichord,B Flat Major,Salzburg,1763,Piano Pieces,48
010,"Sonata for Harpsichord, Violin (or Flute) & Cello",B Flat Major,London,1764,Sonatas and Variations for Piano and Violin,41
011,"Sonata for Harpsichord, Violin (or Flute) & Cello",G Major,London,1764,Sonatas and Variations for Piano and Violin,41
012,"Sonata for Harpsichord, Violin (or Flute) & Cello",A Major,London,1764,Sonatas and Variations for Piano and Violin,41
013,"Sonata for Harpsichord, Violin (or Flute) & Cello",F Major,London,1764,Sonatas and Variations for Piano and Violin,41
014,"Sonata for Harpsichord, Violin (or Flute) & Cello",C Major,London,1764,Sonatas and Variations for Piano and Violin,41
015,"Sonata for Harpsichord, Violin (or Flute) & Cello",B Flat Major,London,1764,Sonatas and Variations for Piano and Violin,41
015aa-ss,London Sketchbook: 43 Pieces for Harpsichord,N/A,London,1764,Piano Pieces,48
016,Symphony #1,E Flat Major,London,1764,Symphonies,55
019,Symphony #4,D Major,London,1765,Symphonies,55
019a,Symphony K. A223,F Major,London,1765,Symphonies,55
019d,Sonata for Piano Duet,C Major,London,1765,Works for two pianos and for piano four hands,12
020,"Motet ""God is our Refuge""",G Major,London,1765,Notturni & Polyphonic singing,12
021,"Aria for Tenor ""Va, dal furor portata""",N/A,London,1765,"Arias, scenes, ensembles and choirs with orchestra",62
022,Symphony #5,B Flat Major,The Hague,1765,Symphonies,55
023,"Aria for Soprano ""Conservati fedele""",N/A,The Hague,1766,"Arias, scenes, ensembles and choirs with orchestra",62
024,"8 Variations for Piano on the Dutch song ""Laat ons juichen"" by Graaf",G Major,The Hague,1766,Variations for Piano,17
025,"7 Variations for Piano on ""Willem van Nassau""",D Major,Amsterdam,1766,Variations for Piano,17
026,Sonata for Harpsichord & Violin,E Flat Major,The Hague,1766,Sonatas and Variations for Piano and Violin,41
027,Sonata for Harpsichord & Violin,G Major,The Hague,1766,Sonatas and Variations for Piano and Violin,41
028,Sonata for Harpsichord & Violin,C Major,The Hague,1766,Sonatas and Variations for Piano and Violin,41
029,Sonata for Harpsichord & Violin,D Major,The Hague,1766,Sonatas and Variations for Piano and Violin,41
030,Sonata for Harpsichord & Violin,F Major,The Hague,1766,Sonatas and Variations for Piano and Violin,41
031,Sonata for Harpsichord & Violin,B Flat Major,The Hague,1766,Sonatas and Variations for Piano and Violin,41
032,Quodlibet Galimathias Musicum,N/A,The Hague,1766,"Cassations, Serenades and Divertimenti for orchestra",22
033,Kyrie,F Major,Paris,1766,Masses and Requiem,29
033b,Movement for Harpsichord,F Major,Zurich,1766,Piano Pieces,48
034,"Offertory ""Scande coeli limina""",C Major,Seeon,1766,Smaller Church Works,19
035,Die Schuldigkeit des ersten Gebots,N/A,Salzburg,1767,"Oratorios, Sacred Singspiels and Cantatas",9
036,"Recitative & Aria (licenza) for Tenor ""Or che il dover… Tali e contanti sono""",N/A,Salzburg,1766,"Arias, scenes, ensembles and choirs with orchestra",62
037,Concerto for Piano #1 (Arrangement from Keyboard Sonatas by Raupach? & Honauer),F Major,Salzburg,1767,Concertos for piano,30
038,Apollo et Hyacinthus,N/A,Salzburg,1767,Operas and Singspiels,21
039,"Concerto for Piano #2 (Arrangement from Keyboard Sonatas by Raupach [i, iii] & Schobert [ii])",B Flat Major,Salzburg,1767,Concertos for piano,30
040,"Concerto for Piano #3 (Arrangement from Keyboard Sonatas by Honauer, Eckard & C.P.E. Bach",D Major,Salzburg,1767,Concertos for piano,30
041,"Concerto for Piano #4 (Arrangement from Keyboard Sonatas by Honauer [i, iii] & Raupach [ii])",G Major,Salzburg,1767,Concertos for piano,30
042,"Cantata ""Grabmusik""",N/A,Salzburg,1767,"Oratorios, Sacred Singspiels and Cantatas",9
043,Symphony #6,F Major,Salzburg,1767,Symphonies,55
045,"Symphony #7 reworked as Overture to ""La finta semplice""",D Major,Vienna,1768,Symphonies,55
045a,"Symphony #7a ""Alte Lambacher""",G Major,Vienna,1768,Symphonies,55
045b,Symphony #55,B Flat Major,Vienna,1768,Symphonies,55
046d,Sonata for Violin & Bass,C Major,Vienna,1768,Duos and Trios for Strings and Winds,10
046e,Sonata for Violin & Bass,F Major,Vienna,1768,Duos and Trios for Strings and Winds,10
047,"Offertory ""Veni, Sancte Spiritus""",C Major,Vienna,1768,Smaller Church Works,19
048,Symphony #8,D Major,Vienna,1768,Symphonies,55
049,Missa brevis,G Major,Vienna,1768,Masses and Requiem,29
050,Bastien und Bastienne,N/A,Vienna,1768,Operas and Singspiels,21
051,La finta semplice,N/A,Vienna,1768,Operas and Singspiels,21
053,"Song for Soprano & Piano ""An die Freude""",N/A,Vienna,1768,Lieder,33
054,5 Variations for Piano,F Major,Vienna,1768,Variations for Piano,17
061gl,Minuet for Keyboard,A Major,Salzburg,1770,Supplement,21
061gll,Minuet for Keyboard,C Major,Salzburg,1771,Piano Pieces,48
061h,6 Minuets for Orchestra,N/A,Salzburg,1769,Dances and Marches,45
062,"March used for ""Mitridate""",D Major,Salzburg,1769,Dances and Marches,45
063,Cassation,G Major,Salzburg,1769,"Cassations, Serenades and Divertimenti for orchestra",22
065,Missa brevis,D minor,Salzburg,1769,Masses and Requiem,29
065a,7 Minuets for Strings,N/A,Salzburg,1769,Dances and Marches,45
066,"Mass ""Dominicus""",C Major,Salzburg,1769,Masses and Requiem,29
067,Church Sonata #1,E Flat Major,Salzburg,1771,Church Sonatas,17
068,Church Sonata #2,B Flat Major,Salzburg,1771,Church Sonatas,17
069,Church Sonata #3,D Major,Salzburg,1771,Church Sonatas,17
070,"Recitative & Aria (licenza) for Soprano ""A Berenice… Sol nascente""",N/A,Salzburg,1769,"Arias, scenes, ensembles and choirs with orchestra",62
071,"Aria for Tenor ""Ah, piu tremar non voglio""",N/A,Salzburg,1770,"Arias, scenes, ensembles and choirs with orchestra",62
072,"Offertory ""Inter natos mulierum""",G Major,Salzburg,1770,Smaller Church Works,19
072a,Klavierstück for Harpsichord,G Major,Verona,1770,Piano Pieces,48
073,Symphony #9,C Major,Salzburg,1769,Symphonies,55
073w,Thema for Harpsichord,G Major,Verona,1770,Piano Pieces,48
074,Symphony #10,G Major,Milan,1770,Symphonies,55
074b,"Aria for ""Non curo l'affetto""",N/A,Anfang,1771,"Arias, scenes, ensembles and choirs with orchestra",62
075,Symphony #42,F Major,Salzburg,1771,Symphonies,55
076,Symphony #43,F Major,Vienna,1767,Symphonies,55
077,"Recitative & Aria for Soprano ""Misero me… Misero pargoletto""",N/A,Milan,1770,"Arias, scenes, ensembles and choirs with orchestra",62
078,"Scena for Soprano ""Per pieta, bell'idol mio""",N/A,Milan,1770,"Arias, scenes, ensembles and choirs with orchestra",62
079,"Recitative & Aria for Soprano ""O temerario Arbace… Per quel paterno amplesso""",N/A,Milan,1770,"Arias, scenes, ensembles and choirs with orchestra",62
080,Quartet for Strings #1,G Major,Salzburg,1770,String Quartets and Quartets with a Wind Instrument,33
081,Symphony #44,D Major,Rome,1770,Symphonies,55
082,"Aria for Soprano ""Se ardire""",N/A,Rome,1770,"Arias, scenes, ensembles and choirs with orchestra",62
083,"Aria for Soprano ""Se tutti i mali miei""",N/A,Rome,1770,"Arias, scenes, ensembles and choirs with orchestra",62
084,Symphony #11,D Major,Milan,1770,Symphonies,55
085,Miserere,A minor,Bologna,1770,Smaller Church Works,19
086,"Antiphon ""Quaerite primum regnum Dei""",N/A,Bologna,1770,Smaller Church Works,19
087,"Mitridate, re di Ponto",N/A,Milan,1770,Operas and Singspiels,21
088,"Aria for Soprano ""Fra cento affani""",N/A,Milan,1770,"Arias, scenes, ensembles and choirs with orchestra",62
089,"Canon for 5 Sopranos ""Kyrie""",G Major,Salzburg,1772,Canons,26
089aI,Canon for 4 Winds,A Major,Salzburg,1772,Canons,26
089aII,"4 Canons ""Puzzle""",N/A,Salzburg,1772,Canons,26
090,Kyrie for SATB & Organ,D minor,Salzburg,1771,Masses and Requiem,29
094,Minuet for Harpsichord,D Major,Salzburg,1769,Piano Pieces,48
095,Symphony #45,D Major,Rome,1770,Symphonies,55
096,Symphony #46,C Major,Milan,1771,Symphonies,55
097,Symphony #47,D Major,Rome,1770,Symphonies,55
099,Cassation,B Flat Major,Salzburg,1769,"Cassations, Serenades and Divertimenti for orchestra",22
100,Cassation-Finalmusik,D Major,Salzburg,1769,"Cassations, Serenades and Divertimenti for orchestra",22
101,4 Contradanses,F Major,Salzburg,1776,Dances and Marches,45
102,Finale of a Symphony,C Major,Salzburg,1775,Symphonies,55
103,19 Minuets for Orchestra,N/A,Salzburg,1772,Dances and Marches,45
104,6 Minuets for Orchestra,N/A,Salzburg,1771,Dances and Marches,45
105,6 Minuets for Orchestra,N/A,Salzburg,1771,Dances and Marches,45
106,Overture & 3 Contradanses,N/A,Vienna,1790,Supplement,21
107,3 concertos after J.C. Bach,N/A,Salzburg,1772,Concertos for piano,30
108,Regina Coeli,C Major,Salzburg,1771,Smaller Church Works,19
109,Litaniae de Beata Maria Virgine,B Flat Major,Salzburg,1771,Litanies and Vespers,8
110,Symphony #12,G Major,Salzburg,1771,Symphonies,55
111,Ascanio in Alba (Serenata teatrale),N/A,Milan,1771,Operas and Singspiels,21
112,Symphony #13,F Major,Milan,1771,Symphonies,55
113,Divertimento #1,E Flat Major,Milan,1771,"Cassations, Serenades and Divertimenti for orchestra",22
114,Symphony #14,A Major,Salzburg,1771,Symphonies,55
117,"Offertory ""Benedisctus sit Deus""",C Major,Salzburg,1769,Smaller Church Works,19
118,La Betulia liberata,N/A,Salzburg,1771,"Oratorios, Sacred Singspiels and Cantatas",9
119,"Aria for Soprano ""Der Liebe himmlisches Gefuehl""",N/A,Vienna,1782,"Arias, scenes, ensembles and choirs with orchestra",62
120,Finale of a Symphony (Ascanio in Alba),D Major,Milan,1771,Symphonies,55
121,Finale of a Symphony (La Finta Giardiniera),D Major,Salzburg,1775,Symphonies,55
122,Minuet for Orchestra,E Flat Major,Rome,1770,Dances and Marches,45
123,Contredanse for Orchestra,B Flat Major,Rome,1770,Dances and Marches,45
124,Symphony #15,G Major,Salzburg,1772,Symphonies,55
125,Litaniae de venerabili altaris sacramento,N/A,Salzburg,1772,Litanies and Vespers,8
126,Il sogno di Scipione,N/A,Salzburg,1771,Operas and Singspiels,21
127,Regina Coeli,B Flat Major,Salzburg,1772,Smaller Church Works,19
128,Symphony #16,C Major,Salzburg,1772,Symphonies,55
129,Symphony #17,G Major,Salzburg,1772,Symphonies,55
130,Symphony #18,F Major,Salzburg,1772,Symphonies,55
131,Divertimento #2,D Major,Salzburg,1772,"Cassations, Serenades and Divertimenti for orchestra",22
132,Symphony #19,E Flat Major,Salzburg,1772,Symphonies,55
133,Symphony #20,D Major,Salzburg,1772,Symphonies,55
134,Symphony #21,A Major,Salzburg,1772,Symphonies,55
135,Lucio Silla,N/A,Milan,1772,Operas and Singspiels,21
136,Divertimento,D Major,Salzburg,1772,"Cassations, Serenades and Divertimenti for orchestra",22
137,Divertimento,B Flat Major,Salzburg,1772,"Cassations, Serenades and Divertimenti for orchestra",22
138,Divertimento,F Major,Salzburg,1772,"Cassations, Serenades and Divertimenti for orchestra",22
139,"Missa ""Waisenhaus-Messe""",C minor,Salzburg,1768,Masses and Requiem,29
141,Te Deum,C Major,Salzburg,1769,Smaller Church Works,19
143,"Aria for Soprano ""Ergo interest""",N/A,Milan,1770,Smaller Church Works,19
144,Church Sonata #4,D Major,Salzburg,1774,Church Sonatas,17
145,Church Sonata #5,F Major,Salzburg,1774,Church Sonatas,17
146,"Aria for Soprano ""Kommet her, ihr frechen Suender""",N/A,Salzburg,1779,"Oratorios, Sacred Singspiels and Cantatas",9
147,"Lied ""Wie ungluecklich bin ich nit""",N/A,Salzburg,1772,Lieder,33
148,"Lied ""O heiliges band""",N/A,Salzburg,1772,Lieder,33
152,"Canzonetta ""Ridente la calma""",N/A,Salzburg,1775,Lieder,33
153,Fugue for Piano (Fragment),E Flat Major,Vienna,1782,Piano Pieces,48
154,Fugue for Piano (Fragment),G minor,Vienna,1782,Piano Pieces,48
154a,2 little Fugues for Organ,N/A,Salzburg,1772,Piano Pieces,48
155,Quartet for Strings #2,D Major,Bozen,1772,String Quartets and Quartets with a Wind Instrument,33
156,Quartet for Strings #3,G Major,Milan,1772,String Quartets and Quartets with a Wind Instrument,33
157,Quartet for Strings #4,C Major,Milan,1772,String Quartets and Quartets with a Wind Instrument,33
158,Quartet for Strings #5,F Major,Milan,1773,String Quartets and Quartets with a Wind Instrument,33
159,Quartet for Strings #6,B Flat Major,Milan,1773,String Quartets and Quartets with a Wind Instrument,33
160,Quartet for Strings #7,E Flat Major,Milan,1773,String Quartets and Quartets with a Wind Instrument,33
161,Symphony (Overture to K. 126),D Major,Salzburg,1772,Symphonies,55
162,Symphony #22,C Major,Salzburg,1773,Symphonies,55
163,Finale of the Symphony K. 161,D Major,Salzburg,1773,Symphonies,55
164,6 Minuets for Orchestra,N/A,Salzburg,1772,Dances and Marches,45
165,"Motet for Soprano ""Exsultate, jubilate""",N/A,Milan,1773,Smaller Church Works,19
166,Divertimento #3,E Flat Major,Salzburg,1773,Divertimenti and serenades for wind instruments,18
166f,Kyrie,C Major,Salzburg,1772,Masses and Requiem,29
166g,Kyrie,D Major,Salzburg,1773,Masses and Requiem,29
167,"Missa ""Trinitatis-Messe""",C Major,Salzburg,1773,Masses and Requiem,29
168,Quartet for Strings #8,F Major,Vienna,1773,String Quartets and Quartets with a Wind Instrument,33
169,Quartet for Strings #9,A Major,Vienna,1773,String Quartets and Quartets with a Wind Instrument,33
170,Quartet for Strings #10,C Major,Vienna,1773,String Quartets and Quartets with a Wind Instrument,33
171,Quartet for Strings #11,E Flat Major,Vienna,1773,String Quartets and Quartets with a Wind Instrument,33
172,Quartet for Strings #12,B Flat Major,Vienna,1773,String Quartets and Quartets with a Wind Instrument,33
173,Quartet for Strings #13,D minor,Vienna,1773,String Quartets and Quartets with a Wind Instrument,33
174,Quintet for Strings,B Flat Major,Salzburg,1773,String quintets and quintets with winds,17
175,Concerto for Piano #5,D Major,Salzburg,1773,Concertos for piano,30
176,16 Minuets for Orchestra,N/A,Salzburg,1773,Dances and Marches,45
178,"Aria for Soprano ""Ah, spiegarti, oh Dio""",N/A,Vienna,1783,Lieder,33
179,12 variations for Piano on a Minuet by Fischer,C Major,Salzburg,1774,Variations for Piano,17
180,"6 variations for Piano on ""Moi caro Adone"" by Salieri",G Major,Vienna,1773,Variations for Piano,17
181,Symphony #23,D Major,Salzburg,1773,Symphonies,55
182,Symphony #24,B Flat Major,Salzburg,1773,Symphonies,55
183,Symphony #25,G minor,Salzburg,1773,Symphonies,55
184,Symphony #26 (Overture),E Flat Major,Salzburg,1773,Symphonies,55
185,"Serenade #3 ""Antretter""",D Major,Vienna,1773,"Cassations, Serenades and Divertimenti for orchestra",22
186,Divertimento #4,B Flat Major,Milan,1773,Divertimenti and serenades for wind instruments,18
188,Divertimento #6,C Major,Salzburg,1773,Divertimenti and serenades for wind instruments,18
189,March for Orchestra,D Major,Vienna,1773,"Cassations, Serenades and Divertimenti for orchestra",22
190,Concertone for 2 Violins & Orchestra,C Major,Salzburg,1774,"Concertos for one or more string, wind",28
191,Concerto for Bassoon,B Flat Major,Salzburg,1774,"Concertos for one or more string, wind",28
192,"Missa brevis ""Kleine Credo-Messe""",F Major,Salzburg,1774,Masses and Requiem,29
193,Dixit & Magnificat,C Major,Salzburg,1774,Litanies and Vespers,8
194,Missa brevis,D Major,Salzburg,1774,Masses and Requiem,29
195,Litaniae Lauretanae,D Major,Salzburg,1774,Litanies and Vespers,8
196,La finta giardiniera,N/A,Salzburg,1775,Operas and Singspiels,21
196a,Kyrie,G Major,Vienna,1787,Masses and Requiem,29
196g,Allegro,B Flat Major,Vienna,1782,Divertimenti and serenades for wind instruments,18
197,Tantum ergo,G Major,Salzburg,1772,Smaller Church Works,19
198,"Offertorium ""Sub tuum praesidium""",F Major,Milan,1773,Smaller Church Works,19
199,Symphony #27,G Major,Salzburg,1773,Symphonies,55
200,Symphony #28,C Major,Salzburg,1773,Symphonies,55
201,Symphony #29,A Major,Salzburg,1774,Symphonies,55
202,Symphony #30,D Major,Salzburg,1774,Symphonies,55
203,Serenade #4,D Major,Salzburg,1774,"Cassations, Serenades and Divertimenti for orchestra",22
204,Serenade #5,D Major,Salzburg,1775,"Cassations, Serenades and Divertimenti for orchestra",22
205,Divertimento #7,D Major,Vienna,1773,Divertimenti for string and wind instruments,10
206,March for Idomeneo,D Major,Salzburg,1775,Dances and Marches,45
207,Concerto for Violin #1,B Flat Major,Salzburg,1773,"Concertos for one or more string, wind",28
208,Il re pastore,N/A,Salzburg,1775,Operas and Singspiels,21
209,"Aria for tenor ""Si mostra la Sorte""",N/A,Salzburg,1775,"Arias, scenes, ensembles and choirs with orchestra",62
209a,"Aria for bass ""Un dente guasto e gelato""",N/A,Salzburg,1775,"Arias, scenes, ensembles and choirs with orchestra",62
210,"Aria for tenor ""Con ossequio, con rispetto""",N/A,Salzburg,1775,"Arias, scenes, ensembles and choirs with orchestra",62
211,Concerto for Violin #2,D Major,Salzburg,1775,"Concertos for one or more string, wind",28
212,Church Sonata #6,B Flat Major,Salzburg,1775,Church Sonatas,17
213,Divertimento #8,F Major,Salzburg,1775,Divertimenti and serenades for wind instruments,18
214,March for Orchestra,C Major,Salzburg,1775,Dances and Marches,45
215,March for Orchestra,D Major,Salzburg,1775,"Cassations, Serenades and Divertimenti for orchestra",22
216,Concerto for Violin #3,G Major,Salzburg,1775,"Concertos for one or more string, wind",28
217,"Aria for Soprano ""Voi avete un cor fedele""",N/A,Salzburg,1775,"Arias, scenes, ensembles and choirs with orchestra",62
218,Concerto for Violin #4,D Major,Salzburg,1775,"Concertos for one or more string, wind",28
219,Concerto for Violin #5,A Major,Salzburg,1775,"Concertos for one or more string, wind",28
220,"Missa brevis ""Spatzen-Messe""",C Major,Munich,1775,Masses and Requiem,29
222,"Offertorium de tempore ""Misericordias Domini""",D minor,Munich,1775,Smaller Church Works,19
223,Ossana,G Major,Salzburg,1772,Masses and Requiem,29
224,Church Sonata #7,F Major,Salzburg,1779,Church Sonatas,17
225,Church Sonata #8,A Major,Salzburg,1779,Church Sonatas,17
228,"Double Canon ""Ach, zu kurz""",N/A,Vienna,1787,Canons,26
229,"Canon ""Sie ist dahin""",N/A,Vienna,1782,Canons,26
230,"Canon ""Selig, selig alle""",N/A,Vienna,1782,Canons,26
231,"Canon ""Leck mich im Arsch""",N/A,Vienna,1782,Canons,26
232,"Canon ""Lieber Freisdtädtler, lieber Gaulimauli""",N/A,Vienna,1787,Canons,26
236,"Andantino for Piano on ""Non vi turbare, no"" by Gluck",E Flat Major,Vienna,1781,Supplement,21
237,March for Orchestra,D Major,Salzburg,1774,"Cassations, Serenades and Divertimenti for orchestra",22
238,Concerto for Piano #6,B Flat Major,Salzburg,1776,Concertos for piano,30
239,"Serenade #6 for 2 Orchestras ""Serenata notturna""",D Major,Salzburg,1776,"Cassations, Serenades and Divertimenti for orchestra",22
240,Divertimento #9,B Flat Major,Salzburg,1776,Divertimenti and serenades for wind instruments,18
241,Church Sonata #7-8,G Major,Salzburg,1776,Church Sonatas,17
242,Concerto for 3 Pianos #7,F Major,Salzburg,1776,Concertos for piano,30
243,Litaniae de venerabili altaris sacramento,N/A,Salzburg,1776,Litanies and Vespers,8
244,Church Sonata #9,F Major,Salzburg,1776,Church Sonatas,17
245,Church Sonata #10,D Major,Salzburg,1776,Church Sonatas,17
246,"Concerto for Piano #8 ""Lützow""",C Major,Salzburg,1776,Concertos for piano,30
246b,Divertimento,D Major,Salzburg,1776,Divertimenti for string and wind instruments,10
247,"Divertimento #10 ""Lodronische Nachtmusik 1""",F Major,Salzburg,1776,Divertimenti for string and wind instruments,10
248,March for Orchestra,F Major,Salzburg,1776,Divertimenti for string and wind instruments,10
249,"March (for ""Haffner"" Serenade)",D Major,Salzburg,1776,"Cassations, Serenades and Divertimenti for orchestra",22
250,"Serenade #7 ""Haffner""",D Major,Salzburg,1776,"Cassations, Serenades and Divertimenti for orchestra",22
251,Divertimento #11,D Major,Salzburg,1776,Divertimenti for string and wind instruments,10
252,Divertimento #12,E Flat Major,Salzburg,1776,Divertimenti and serenades for wind instruments,18
253,Divertimento #13,F Major,Salzburg,1776,Divertimenti and serenades for wind instruments,18
254,"Divertimento (Trio for Piano, Violin, Cello)",B Flat Major,Salzburg,1776,"Quintets, quartets and trios with piano",13
255,"Recitative & Aria for Alto ""Ombra felice""",N/A,Salzburg,1776,"Arias, scenes, ensembles and choirs with orchestra",62
256,"Aria for Tenor ""Clarice cara mia sposa""",N/A,Salzburg,1776,"Arias, scenes, ensembles and choirs with orchestra",62
257,"Mass ""Credo""",C Major,Salzburg,1776,Masses and Requiem,29
258,"Missa brevis ""Spaur""",C Major,Salzburg,1775,Masses and Requiem,29
258a,Kyrie,C Major,Salzburg,1772,Masses and Requiem,29
259,"Missa brevis ""Organ Solo""",C Major,Vienna,1787,Masses and Requiem,29
260,"Offertorium ""Venite, Populi""",N/A,Salzburg,1776,Smaller Church Works,19
261,"Adagio for the Violin Concerto, K. 219",E Major,Salzburg,1776,"Concertos for one or more string, wind",28
262,"Mass ""Missa Longa""",C Major,Salzburg,1775,Masses and Requiem,29
263,Church Sonata #3,C Major,Salzburg,1776,Church Sonatas,17
264,"9 Variations for Piano ""Lison Dormait""",N/A,Vienna,1781,Variations for Piano,17
265,"12 Variations for Piano ""Ah, vous dirai-je, maman""",N/A,Vienna,1781,Variations for Piano,17
266,Trio (Nachtmusik) for 2 Violins & Bass,B Flat Major,Salzburg,1777,Duos and Trios for Strings and Winds,10
267,4 Contredanses,N/A,Salzburg,1777,Dances and Marches,45
269,Rondo concertante for Violin & Orchestra,B Flat Major,Salzburg,1776,"Concertos for one or more string, wind",28
269b,4 Contredanse for Czernin,N/A,Salzburg,1777,Piano Pieces,48
270,Divertimento #14,B Flat Major,Salzburg,1777,Divertimenti and serenades for wind instruments,18
271,"Concerto for Piano #9 ""Jeunehomme""",E Flat Major,Salzburg,1777,Concertos for piano,30
272,"Recitative & Aria for Soprano ""Ah, lo previdi""",N/A,Salzburg,1777,"Arias, scenes, ensembles and choirs with orchestra",62
273,"Gradual ""Sancta Maria""",N/A,Salzburg,1777,Smaller Church Works,19
274,Church Sonata #11,G Major,Salzburg,1777,Church Sonatas,17
275,"Missa brevis ""Harmonie-Messe""",B Flat Major,Salzburg,1777,Masses and Requiem,29
276,"""Regina Coeli""",C Major,Salzburg,1779,Smaller Church Works,19
277,"Offertory ""Alma Dei creatoris""",N/A,Salzburg,1777,Smaller Church Works,19
278,Church Sonata #12,C Major,Salzburg,1777,Church Sonatas,17
279,Sonata for Piano #1,C Major,Munich,1775,Piano sonatas,27
280,Sonata for Piano #2,F Major,Munich,1775,Piano sonatas,27
281,Sonata for Piano #3,B Flat Major,Munich,1775,Piano sonatas,27
282,Sonata for Piano #4,E Flat Major,Munich,1775,Piano sonatas,27
283,Sonata for Piano #5,G Major,Munich,1775,Piano sonatas,27
284,Sonata for Piano #6,D Major,Munich,1775,Piano sonatas,27
284a,Prelude & Capriccio for Piano,C Major,Munich,1777,Piano Pieces,48
285,Quartet for Flute & Strings,D Major,Mannheim,1777,String Quartets and Quartets with a Wind Instrument,33
285a,Quartet for Flute & Strings,G Major,Mannheim,1778,String Quartets and Quartets with a Wind Instrument,33
285b,Quartet for Flute & Strings,C Major,Mannheim,1778,String Quartets and Quartets with a Wind Instrument,33
286,Notturno (Serenade #8) for 4 Orchestras,D Major,Salzburg,1776,"Cassations, Serenades and Divertimenti for orchestra",22
287,"Divertimento #15 ""Lodronische Nachtmusik 2""",B Flat Major,Salzburg,1777,Divertimenti for string and wind instruments,10
288,Divertimento,F Major,Salzburg,1776,Divertimenti for string and wind instruments,10
290,March for 2 Horns & Strings,D Major,Salzburg,1772,Divertimenti for string and wind instruments,10
292,Sonata for Bassoon & Cello,B Flat Major,Munich,1775,Duos and Trios for Strings and Winds,10
293,Concerto for Oboe (Fragment),F Major,Mannheim,1778,"Concertos for one or more string, wind",28
293e,"Aria for Soprano ""Cara, la dolce fiamma"" after JC Bach",N/A,Mannheim,1778,Supplement,21
294,"Recitative & Aria for Soprano ""Alcandro, lo confesso""",N/A,Mannheim,1778,"Arias, scenes, ensembles and choirs with orchestra",62
295,"Aria for Tenor ""Se al labbro mio non credi""",N/A,Mannheim,1778,"Arias, scenes, ensembles and choirs with orchestra",62
296,Sonata for Piano & Violin #17,C Major,Mannheim,1778,Sonatas and Variations for Piano and Violin,41
297,"Symphony #31 ""Paris""",D Major,Paris,1778,Symphonies,55
297b,Symphonie Concertante for Winds,E Flat Major,Paris,1778,"Concertos for one or more string, wind",28
298,Quartet for Flute & Strings,A Major,Vienna,1786,String Quartets and Quartets with a Wind Instrument,33
299,Concerto for Flute & Harp,C Major,Paris,1778,"Concertos for one or more string, wind",28
299b,"Ballet Music ""Les petits riens""",N/A,Paris,1778,"Music for Plays, Pantomimes and Ballets",7
299c,Ballet-Intermezzo,N/A,Paris,1778,"Music for Plays, Pantomimes and Ballets",7
300,Gavotte for Orchestra,B Flat Major,Paris,1778,"Music for Plays, Pantomimes and Ballets",7
301,Sonata for Piano & Violin #18,G Major,Mannheim,1778,Sonatas and Variations for Piano and Violin,41
302,Sonata for Piano & Violin #19,E Flat Major,Mannheim,1778,Sonatas and Variations for Piano and Violin,41
303,Sonata for Piano & Violin #20,C Major,Mannheim,1778,Sonatas and Variations for Piano and Violin,41
304,Sonata for Piano & Violin #21,E minor,Paris,1778,Sonatas and Variations for Piano and Violin,41
305,Sonata for Piano & Violin #22,A Major,Mannheim,1778,Sonatas and Variations for Piano and Violin,41
306,Sonata for Piano & Violin #23,D Major,Paris,1778,Sonatas and Variations for Piano and Violin,41
307,"Arietta ""Oiseaux, si tous les ans""",N/A,Mannheim,1777,Lieder,33
308,"Arietta ""Dans un bois solitaire""",N/A,Mannheim,1778,Lieder,33
309,Sonata for Piano #7,C Major,Mannheim,1777,Piano sonatas,27
310,Sonata for Piano #8,A minor,Paris,1778,Piano sonatas,27
311,Sonata for Piano #9,D Major,Mannheim,1777,Piano sonatas,27
312,Allegro of a Piano Sonata,G minor,Vienna,1790,Piano sonatas,27
313,Concerto for Flute,G Major,Mannheim,1778,"Concertos for one or more string, wind",28
314,Concerto for Oboe,D Major,Mannheim,1778,"Concertos for one or more string, wind",28
315,Andante for Flute & Orchestra,C Major,Mannheim,1780,"Concertos for one or more string, wind",28
315a,8 Minuets,N/A,Salzburg,1773,Piano Pieces,48
315f,Concerto for Violin & Piano,D Major,Mannheim,1777,"Concertos for one or more string, wind",28
316,"Recitative & Aria for Soprano ""Popoli di Tessaglia""",N/A,Munich,1779,"Arias, scenes, ensembles and choirs with orchestra",62
317,"Mass ""Coronation""",C Major,Salzburg,1779,Masses and Requiem,29
318,Symphony #32 (Overture),G Major,Salzburg,1779,Symphonies,55
319,Symphony #33,B Flat Major,Salzburg,1779,Symphonies,55
320,"Serenade #9 ""Post Horn""",D Major,Salzburg,1779,"Cassations, Serenades and Divertimenti for orchestra",22
320e,"Sinfonia Concertante for Violin, Viola, Cello & Orchestra",A Major,Salzburg,1779,"Concertos for one or more string, wind",28
320f,"""La Chasse""",A Major,Herbst,1778,"Music for Plays, Pantomimes and Ballets",7
321,"""Vesperae de Dominica""",C Major,Salzburg,1779,Litanies and Vespers,8
321a,Magnificat (fragment),C Major,Salzburg,1779,Litanies and Vespers,8
322,Kyrie (Fragment),E Flat Major,Mannheim,1778,Masses and Requiem,29
323,Kyrie (Fragment),C Major,Vienna,1790,Masses and Requiem,29
323a,Gloria,C Major,Vienna,1790,Masses and Requiem,29
328,Church Sonata #13,C Major,Salzburg,1779,Church Sonatas,17
329,Church Sonata #14,C Major,Salzburg,1779,Church Sonatas,17
330,Sonata for Piano #10,C Major,Vienna,1783,Piano sonatas,27
331,"Sonata for Piano #11 ""Alla Turca""",A Major,Vienna,1783,Piano sonatas,27
332,Sonata for Piano #12,F Major,Vienna,1783,Piano sonatas,27
333,"Sonata for Piano #13 ""Linz""",B Flat Major,Vienna,1783,Piano sonatas,27
334,Divertimento #17,D Major,Salzburg,1779,Divertimenti for string and wind instruments,10
335,2 Marches for Orchestra,D Major,Salzburg,1779,"Cassations, Serenades and Divertimenti for orchestra",22
336,Church Sonata #15,C Major,Salzburg,1780,Church Sonatas,17
337,Missa solemnis,C Major,Salzburg,1780,Masses and Requiem,29
338,Symphony #34,C Major,Salzburg,1780,Symphonies,55
339,Vesperae solemnes de confessore,C Major,Salzburg,1780,Litanies and Vespers,8
341,Kyrie,D minor,Vienna,1787,Masses and Requiem,29
343,2 German Church songs,N/A,Vienna,1787,Lieder,33
344,Zaïde,N/A,Salzburg,1779,Operas and Singspiels,21
345,"Thamos, King of Egypt",N/A,Salzburg,1773,Operas and Singspiels,21
346,"Notturno ""Luci care, luci belle""",N/A,Vienna,1787,Notturni & Polyphonic singing,12
347,"Canon ""Lasst uns ziehn""",N/A,Vienna,1785,Canons,26
348,"Canon ""V'amo di core teneramente""",N/A,Vienna,1782,Canons,26
349,"Lied ""Die Zufriedenheit""",N/A,Munich,1780,Lieder,33
351,"Lied ""Komm, liebe Zither""",N/A,Munich,1780,Lieder,33
352,"8 Variations for Piano ""Les Mariages samnites""",N/A,Vienna,1781,Variations for Piano,17
353,"12 Variations for Piano ""La belle Françoise""",N/A,Paris,1778,Variations for Piano,17
354,"12 Variations for Piano ""Je suis Lindor""",N/A,Paris,1778,Variations for Piano,17
355,Minuet for Piano,D Major,Vienna,1780,Piano Pieces,48
356,Adagio for Glass harmonica,C Major,Vienna,1791,Piano Pieces,48
357,Piano Sonata for Four Hands (Fragment),G Major,Vienna,1786,Works for two pianos and for piano four hands,12
358,Piano Sonata for Four Hands,B Flat Major,Salzburg,1773,Works for two pianos and for piano four hands,12
359,"12 Variations for Piano & Violin ""La Bergére Celimene""",N/A,Vienna,1781,Sonatas and Variations for Piano and Violin,41
360,"6 Variations for Piano & Violin ""Hélas, j'ai perdu mon amant""",N/A,Vienna,1781,Sonatas and Variations for Piano and Violin,41
361,"Serenade #10 for Winds ""Gran Partita""",B Flat Major,Vienna,1783,Divertimenti and serenades for wind instruments,18
362,March (Idomeneo),C Major,Salzburg,1780,"Music for Plays, Pantomimes and Ballets",7
363,3 Minuets,N/A,Vienna,1782,Dances and Marches,45
364,"Sinfonia concertante for Violin, Viola & Orchestra",E Flat Major,Salzburg,1779,"Concertos for one or more string, wind",28
365,Concerto for 2 Pianos #10,E Flat Major,Salzburg,1779,Concertos for piano,30
366,"Idomeneo, re di Creta",N/A,Munich,1781,Operas and Singspiels,21
367,Ballet Music to Idomeneo,N/A,Munich,1781,"Music for Plays, Pantomimes and Ballets",7
368,"Recitative & Aria for Soprano ""Ma, che vi fece, o stelle""",N/A,Munich,1779,"Arias, scenes, ensembles and choirs with orchestra",62
369,"Scena & Aria for Soprano ""Misera, dove son!""",N/A,Munich,1781,"Arias, scenes, ensembles and choirs with orchestra",62
370,Quartet for Oboe & Strings,F Major,Munich,1781,String Quartets and Quartets with a Wind Instrument,33
371,Rondo for Horn & Orchestra (sketch),E Flat Major,Vienna,1781,"Concertos for one or more string, wind",28
372,Sonata for Piano & Violin #34 (Fragment),B Flat Major,Vienna,1781,Sonatas and Variations for Piano and Violin,41
373,Rondo for a Violin Concerto,C Major,Vienna,1781,"Concertos for one or more string, wind",28
374,"Recitative & Aria for Soprano ""Or che il cielo""",N/A,Vienna,1781,"Arias, scenes, ensembles and choirs with orchestra",62
375,Serenade #11 for Winds,E Flat Major,Vienna,1781,Divertimenti and serenades for wind instruments,18
375b,Grave & presto for 2 Pianos,B Flat Major,Vienna,1782,Works for two pianos and for piano four hands,12
375c,Sonata for 2 Pianos,B Flat Major,Vienna,1782,Works for two pianos and for piano four hands,12
375d,Fugue for 2 pianos,G Major,Vienna,1785,Works for two pianos and for piano four hands,12
375g,Fugue for Piano,G Major,Vienna,1776,Piano Pieces,48
375h,Fugue for Piano,F Major,Vienna,1783,Piano Pieces,48
376,Sonata for Piano & Violin #24,F Major,Vienna,1781,Sonatas and Variations for Piano and Violin,41
377,Sonata for Piano & Violin #25,F Major,Vienna,1781,Sonatas and Variations for Piano and Violin,41
378,Sonata for Piano & Violin #26,B Flat Major,Salzburg,1779,Sonatas and Variations for Piano and Violin,41
379,Sonata for Piano & Violin #27,G Major,Vienna,1781,Sonatas and Variations for Piano and Violin,41
380,Sonata for Piano & Violin #28,E Flat Major,Vienna,1781,Sonatas and Variations for Piano and Violin,41
381,Piano Sonata for 4 hands,D Major,Salzburg,1772,Works for two pianos and for piano four hands,12
382,Rondo for Piano & Orchestra,D Major,Vienna,1782,Concertos for piano,30
383,"Aria for Soprano ""Nehmt meinen Dank""",N/A,Vienna,1782,"Arias, scenes, ensembles and choirs with orchestra",62
383C,Fantasia for Piano,F minor,Vienna,1789,Piano Pieces,48
383b,Fugue for Piano,F Major,Vienna,1782,Piano Pieces,48
383c,Fugue for Piano,C minor,Vienna,1782,Piano Pieces,48
383d,Thema & Variations for Piano or Organ,C Major,Vienna,1782,Variations for Piano,17
384,Die Entführung aus dem Serail,N/A,Vienna,1782,Operas and Singspiels,21
384B,Andante for Winds,E Flat Major,Vienna,1782,Divertimenti and serenades for wind instruments,18
384b,March for Winds,B Flat Major,Vienna,1782,Divertimenti and serenades for wind instruments,18
385,"Symphony #35 ""Haffner""",D Major,Vienna,1782,Symphonies,55
385h,Adagio for Piano,D minor,Vienna,1782,Piano Pieces,48
385m,Fugue for String Quartet,C Major,Vienna,1782,String Quartets and Quartets with a Wind Instrument,33
386,Rondo for Piano & Orchestra,A Major,Vienna,1782,Concertos for piano,30
386d,"Recitative ""O Calpe"" (Fragment)",D minor,Vienna,1782,Lieder,33
387,"Quartet for Strings #14 ""Frühlings-Quartett""",G Major,Vienna,1782,String Quartets and Quartets with a Wind Instrument,33
388,Serenade #12 for Winds,C minor,Vienna,1782,Divertimenti and serenades for wind instruments,18
389,"Duet ""Welch aengstliches Beben"" (For Die Entführung aus dem Serail)",N/A,Vienna,1782,"Arias, scenes, ensembles and choirs with orchestra",62
390,"Lied ""Ich wuerd auf meinem Pfad""",N/A,Salzburg,1780,Lieder,33
391,"Lied ""Sei du mein Trost""",N/A,Salzburg,1780,Lieder,33
392,"Lied ""Verdankt sei es dem Glanz""",N/A,Salzburg,1780,Lieder,33
393,"""Solfeggi"" for Soprano",N/A,Vienna,1782,Supplement,21
394,Fantasia & Fugue for Piano,C Major,Vienna,1782,Piano Pieces,48
396,Adagio for Piano & Violin (Fragment),C minor,Vienna,1782,Sonatas and Variations for Piano and Violin,41
397,Fantasia for Piano,D minor,Vienna,1782,Piano Pieces,48
398,"6 Variations for Piano ""Salve tu, Domine""",F Major,Vienna,1783,Variations for Piano,17
399,Suite for Piano,C Major,Vienna,1782,Piano Pieces,48
400,Allegro of a Sonata for Piano,B Flat Major,Vienna,1782,Piano sonatas,27
401,Fugue for Organ,G minor,Salzburg,1772,Piano Pieces,48
402,Sonata for Piano & Violin #29 (Fragment),A Major,Vienna,1782,Sonatas and Variations for Piano and Violin,41
403,Sonata for Piano & Violin #30 (Fragment),C Major,Vienna,1784,Sonatas and Variations for Piano and Violin,41
404,Sonata for Piano & Violin #31 (Fragment),C Major,Vienna,1782,Sonatas and Variations for Piano and Violin,41
404a,6 Preludes to Fugues by J.S. & W.F. Bach for String Trio,N/A,Vienna,1782,Supplement,21
405,5 Fugues by Bach arranged for String Quartet,N/A,Vienna,1782,Supplement,21
406,Quintet for Strings arranged from K. 388,C minor,Vienna,1788,String quintets and quintets with winds,17
407,Quintet for Horn & Strings,E Flat Major,Vienna,1782,String quintets and quintets with winds,17
408,3 Marches for Orchestra,N/A,Vienna,1782,Dances and Marches,45
409,Minuet to a Symphony,C Major,Vienna,1782,Symphonies,55
410,Adagio for 2 Basset Horns & Bassoon,F Major,Vienna,1784,Duos and Trios for Strings and Winds,10
411,Adagio for 2 Clarinets & 3 Basset Horns,F Major,Vienna,1782,Divertimenti and serenades for wind instruments,18
412,Concerto for Horn (+ K.514),D Major,Vienna,1791,"Concertos for one or more string, wind",28
413,Concerto for Piano #11,F Major,Vienna,1782,Concertos for piano,30
414,Concerto for Piano #12,A Major,Vienna,1782,Concertos for piano,30
415,Concerto for Piano #13,C Major,Vienna,1782,Concertos for piano,30
416,"Scena & Ronda for Soprano ""Mia speranza adorata""",N/A,Vienna,1783,"Arias, scenes, ensembles and choirs with orchestra",62
417,Concerto for Horn,E Flat Major,Vienna,1783,"Concertos for one or more string, wind",28
418,"Aria for Soprano ""Vorrei spiegarvi, oh Dio""",N/A,Vienna,1783,"Arias, scenes, ensembles and choirs with orchestra",62
419,"Aria for Soprano ""No, no, che non sei capace""",N/A,Vienna,1783,"Arias, scenes, ensembles and choirs with orchestra",62
420,"Aria for Tenor ""Per pieta, non ricercate""",N/A,Vienna,1783,"Arias, scenes, ensembles and choirs with orchestra",62
421,Quartet for Strings #15,D minor,Vienna,1783,String Quartets and Quartets with a Wind Instrument,33
422,L'oca del Cairo (Fragment),N/A,Salzburg,1783,Operas and Singspiels,21
422a,Kyrie (Fragment),D Major,Vienna,1787,Masses and Requiem,29
423,Duo for Violin & Viola,G Major,Salzburg,1783,Duos and Trios for Strings and Winds,10
424,Duo for Violin & Viola,B Flat Major,Salzburg,1783,Duos and Trios for Strings and Winds,10
425,"Symphony #36 ""Linz""",C Major,Linz,1783,Symphonies,55
426,Fugue for 2 pianos,C minor,Vienna,1783,Works for two pianos and for piano four hands,12
427,"Mass ""Great Mass""",C minor,Vienna,1783,Masses and Requiem,29
428,Quartet for Strings #16,E Flat Major,Vienna,1783,String Quartets and Quartets with a Wind Instrument,33
429,"Cantata ""Dir, Seele des Weltalls""",N/A,Vienna,1783,"Oratorios, Sacred Singspiels and Cantatas",9
430,Lo sposo deluso (Fragment),N/A,Salzburg,1783,Operas and Singspiels,21
431,"Recitative & Aria for Tenor ""Misoro! o sogno!""",N/A,Vienna,1783,"Arias, scenes, ensembles and choirs with orchestra",62
432,"Recitative & Aria for Bass ""Cosí dunque tradisci""",N/A,Vienna,1782,"Arias, scenes, ensembles and choirs with orchestra",62
433,"Arietta for Bass ""Maenner suchen stets""",N/A,Vienna,1783,"Arias, scenes, ensembles and choirs with orchestra",62
434,"Terzetto ""Del gran regno delle Amazoni""",N/A,Vienna,1785,"Arias, scenes, ensembles and choirs with orchestra",62
435,"Aria for Tenor ""Muesst ich auch""",N/A,Vienna,1783,"Arias, scenes, ensembles and choirs with orchestra",62
436,"Notturno for 2 Sopranos & Bass ""Ecco quel fiero istante""",N/A,Vienna,1783,Notturni & Polyphonic singing,12
437,"Notturno for 2 Sopranos & Bass ""Mi lagnero tacendo""",N/A,Vienna,1787,Notturni & Polyphonic singing,12
438,"Notturno for 3 Voices ""Se lontan ben mio, tu sei""",N/A,Vienna,1787,Notturni & Polyphonic singing,12
439,"Notturno for 2 Sopranos & Bass ""Due pupille amabile""",N/A,Vienna,1783,Notturni & Polyphonic singing,12
440,"Aria for Soprano ""In te spero o sposo""",N/A,Vienna,1782,"Arias, scenes, ensembles and choirs with orchestra",62
440b,Allegro assai for Winds,B Flat Major,Vienna,1785,Divertimenti and serenades for wind instruments,18
440c,Adagio for Winds,F Major,Vienna,1787,Divertimenti and serenades for wind instruments,18
441,"Terzetto ""Liebes Mandel, wo is's Bandel""",N/A,Vienna,1786,Notturni & Polyphonic singing,12
441a,"Lied ""Ja! Grüss dich Gott""",N/A,Vienna,1788,Supplement,21
442,"Trio for Piano, Violin & Cello (incomplete)",D minor,Vienna,1783,"Quintets, quartets and trios with piano",13
443,Fugue in 3 vocal parts (Fragment),N/A,Vienna,1782,Supplement,21
444,Introduction to a Symphony (#37) of Michael Haydn,G Major,Vienna,1783,Supplement,21
445,March for Orchestra,D Major,Salzburg,1780,Dances and Marches,45
446,Music to a Pantomime (Fragment),N/A,Vienna,1783,"Music for Plays, Pantomimes and Ballets",7
447,Concerto for Horn,E Flat Major,Vienna,1787,"Concertos for one or more string, wind",28
448,Sonata for 2 Pianos,D Major,Vienna,1781,Works for two pianos and for piano four hands,12
449,Concerto for Piano #14,E Flat Major,Vienna,1784,Concertos for piano,30
450,Concerto for Piano #15,B Flat Major,Vienna,1784,Concertos for piano,30
451,Concerto for Piano #16,D Major,Vienna,1784,Concertos for piano,30
452,Quintet for Piano & Winds,E Flat Major,Vienna,1784,"Quintets, quartets and trios with piano",13
452a,Quintet Movement for Piano & Winds,B Flat Major,Vienna,1784,Supplement,21
453,Concerto for Piano #17,G Major,Vienna,1784,Concertos for piano,30
453a,Little Funeral March for Piano,C minor,Vienna,1784,Piano Pieces,48
454,Sonata for Piano & Violin #32,B Flat Major,Vienna,1784,Sonatas and Variations for Piano and Violin,41
455,"10 Variations for Piano ""Unser dummer Poebel meint""",G Major,Vienna,1784,Variations for Piano,17
456,"Concerto for Piano #18 ""Paradis""",B Flat Major,Vienna,1784,Concertos for piano,30
457,Sonata for Piano #14,C minor,Vienna,1784,Piano sonatas,27
458,"Quartet for Strings #17 ""Hunt""",B Flat Major,Vienna,1784,String Quartets and Quartets with a Wind Instrument,33
458b,Movement for String Quartet,B Flat Major,Vienna,1790,String Quartets and Quartets with a Wind Instrument,33
459,Concerto for Piano #19,F Major,Vienna,1784,Concertos for piano,30
460,"8 Variations for Piano ""Come un agnello""",A Major,Vienna,1783,Variations for Piano,17
461,6 Minuets for Orchestra,N/A,Vienna,1784,Dances and Marches,45
462,6 Contredanses for Orchestra,N/A,Vienna,1781,Dances and Marches,45
463,2 Contredanses with minuets for Orchestra,N/A,Vienna,1781,Dances and Marches,45
464,Quartet for Strings #18,A Major,Vienna,1785,String Quartets and Quartets with a Wind Instrument,33
464a,Movement for String Quartet,A Major,Vienna,1785,String Quartets and Quartets with a Wind Instrument,33
465,"Quartet for Strings #19 ""Dissonant""",C Major,Vienna,1785,String Quartets and Quartets with a Wind Instrument,33
466,Concerto for Piano #20,D minor,Vienna,1785,Concertos for piano,30
467,Concerto for Piano #21,C Major,Vienna,1785,Concertos for piano,30
468,"Lied ""Die ihr einem neuen Grade""",N/A,Vienna,1785,Lieder,33
469,Davidde penitente,N/A,Vienna,1785,"Oratorios, Sacred Singspiels and Cantatas",9
471,"Cantata ""Die Maurerfreude""",N/A,Vienna,1785,"Oratorios, Sacred Singspiels and Cantatas",9
472,"Lied ""Ihr Maedchen, flieht""",N/A,Vienna,1785,Lieder,33
473,"Lied ""Wie Sanft, wie ruhig""",N/A,Vienna,1785,Lieder,33
474,"Lied ""Der Reiche Tor""",N/A,Vienna,1785,Lieder,33
475,Fantasia for Piano,C minor,Vienna,1785,Piano sonatas,27
476,"Lied ""Das Veilchen""",N/A,Vienna,1785,Lieder,33
477,Maurerische Trauermusik,C minor,Vienna,1785,Symphonies,55
477a,"Ariette ""Quell' agneletto candido""",N/A,Vienna,1785,Supplement,21
478,Quartet for Piano & Strings,G minor,Vienna,1785,"Quintets, quartets and trios with piano",13
479,"Quartet ""Dite almeno""",N/A,Vienna,1785,"Arias, scenes, ensembles and choirs with orchestra",62
480,"Terzet ""Mandina amabile""",N/A,Vienna,1785,"Arias, scenes, ensembles and choirs with orchestra",62
480a,Movement for Piano & Violin,A Major,Vienna,1782,Sonatas and Variations for Piano and Violin,41
481,Sonata for Piano & Violin #33,E Flat Major,Vienna,1785,Sonatas and Variations for Piano and Violin,41
482,Concerto for Piano #22,E Flat Major,Vienna,1785,Concertos for piano,30
483,"Song with Chorus ""Zerfliesset heut', geliebte Brueder""",N/A,Vienna,1785,Notturni & Polyphonic singing,12
484,"Chorus ""Ihr unsre neuen Leiter""",N/A,Vienna,1785,Notturni & Polyphonic singing,12
485,Rondo for Piano,D Major,Vienna,1786,Piano Pieces,48
486,Der Schauspieldirektor,N/A,Vienna,1786,Operas and Singspiels,21
486a,"Recitative & Aria for Soprano ""Basta, vincesti""",N/A,Mannheim,1778,"Arias, scenes, ensembles and choirs with orchestra",62
487,12 Duets for 2 Horns,N/A,Vienna,1786,Duos and Trios for Strings and Winds,10
488,Concerto for Piano #23,A Major,Vienna,1786,Concertos for piano,30
489,"Duet for Soprano & Tenor ""Spiegarti, oh Dio, non posso"" (for Idomeneo)",N/A,Vienna,1786,"Arias, scenes, ensembles and choirs with orchestra",62
490,"Scena & Rondo for Soprano ""Non piu, tutto - Non temer amato bene"" (for Idomeneo)",N/A,Vienna,1786,"Arias, scenes, ensembles and choirs with orchestra",62
491,Concerto for Piano #24,C minor,Vienna,1786,Concertos for piano,30
492,Le nozze di Figaro,N/A,Vienna,1786,Operas and Singspiels,21
493,Quartet for Piano & Strings,E Flat Major,Vienna,1786,"Quintets, quartets and trios with piano",13
494,"Sonata for Piano #15 (Rondo), with K.533",F Major,Vienna,1786,Piano sonatas,27
494a,Movement of Concerto for Horn,F Major,Vienna,1786,"Concertos for one or more string, wind",28
495,Concerto for Horn,E Flat Major,Vienna,1786,"Concertos for one or more string, wind",28
495a,"Movement for Piano, Violin & Cello",G Major,Vienna,1786,"Quintets, quartets and trios with piano",13
496,"Trio for Piano, Violin & Cello",G Major,Vienna,1786,"Quintets, quartets and trios with piano",13
497,Piano Sonata for 4 Hands,F Major,Vienna,1786,Works for two pianos and for piano four hands,12
498,"Trio for Piano, Clarinet & Viola ""Kegelstatt""",E Flat Major,Vienna,1786,"Quintets, quartets and trios with piano",13
498a,Sonata for Piano (Fragment),B Flat Major,Vienna,1786,Supplement,21
499,"Quartet for Strings #20 ""Hoffmeister""",D Major,Vienna,1786,String Quartets and Quartets with a Wind Instrument,33
500,12 Variations for Piano,B Flat Major,Vienna,1786,Variations for Piano,17
501,Andante with 5 Variations for Piano Duet,G Major,Vienna,1786,Works for two pianos and for piano four hands,12
502,"Trio for Piano, Violin & Cello",B Flat Major,Vienna,1786,"Quintets, quartets and trios with piano",13
503,Concerto for Piano #25,C Major,Vienna,1786,Concertos for piano,30
504,"Symphony #38 ""Prague""",D Major,Vienna,1786,Symphonies,55
505,"Scena & Rondo for Soprano ""Ch'io mi scordi di te""",N/A,Vienna,1786,"Arias, scenes, ensembles and choirs with orchestra",62
506,"Lied der Freiheit, ""Wer unter eines Maedchens Hand""",N/A,Vienna,1786,Lieder,33
507,"Canon ""Heiterkeit und Leichtes Blut""",N/A,Vienna,1786,Canons,26
508,"Canon ""Auf das Wohl aller Freunde""",N/A,Vienna,1786,Canons,26
508A,Canon,N/A,Vienna,1786,Canons,26
508a,14 Intervallkanons,N/A,Vienna,1786,Canons,26
509,6 German Dances,N/A,Prague,1787,Dances and Marches,45
511,Rondo for Piano,A minor,Vienna,1787,Piano Pieces,48
512,"Recitative & Aria for Bass ""Alcandro, lo confesso""",N/A,Vienna,1787,"Arias, scenes, ensembles and choirs with orchestra",62
513,"Aria for Bass ""Mentre ti lascio""",N/A,Vienna,1787,"Arias, scenes, ensembles and choirs with orchestra",62
514,Rondo for Horn & Orchestra (+ K.412),D Major,Vienna,1791,"Concertos for one or more string, wind",28
514a,Quintet for Strings (Fragment),B Flat Major,Vienna,1787,String quintets and quintets with winds,17
515,Quintet for Strings,C Major,Vienna,1787,String quintets and quintets with winds,17
515c,Quintet for Strings (Fragment),A minor,Vienna,1791,String quintets and quintets with winds,17
516,Quintet for Strings,G minor,Vienna,1787,String quintets and quintets with winds,17
516c,Andante for Clarinet & String Quartet,E Flat Major,Vienna,1787,String quintets and quintets with winds,17
516c,Allegro for Clarinet & String Quartet,B Flat Major,Vienna,1789,String quintets and quintets with winds,17
516f,Musikalisches Würfespiel,C Major,Vienna,1787,Supplement,21
517,"Lied, Die Alte, ""Zu meiner Zeit""",N/A,Vienna,1787,Lieder,33
518,"Lied ""Sobald Damoetas""",N/A,Vienna,1787,Lieder,33
519,"Lied ""das Lied der Trennung, Die Engel Gottes weinen""",N/A,Vienna,1787,Lieder,33
520,"Lied ""Erzeugt von heisser Phantasie""",N/A,Vienna,1787,Lieder,33
521,Piano Sonata for 4 Hands,C Major,Vienna,1787,Works for two pianos and for piano four hands,12
522,"Divertimento for String Quartet & 2 Horns ""Ein musikalischer Spass""",F Major,Vienna,1787,Divertimenti for string and wind instruments,10
523,"Lied ""Abend ist's""",N/A,Vienna,1787,Lieder,33
524,"Lied ""An Chloe""",N/A,Vienna,1787,Lieder,33
525,"Serenade for String Quartet & Bass ""Eine kleine Nachtmusik""",G Major,Vienna,1787,"Cassations, Serenades and Divertimenti for orchestra",22
526,Sonata for Piano & Violin #35,A Major,Vienna,1787,Sonatas and Variations for Piano and Violin,41
527,Don Giovanni,N/A,Prague,1787,Operas and Singspiels,21
528,"Scena for Soprano ""Belle mia fiamma""",N/A,Prague,1787,"Arias, scenes, ensembles and choirs with orchestra",62
529,"Lied ""Es war einmal""",N/A,Prague,1787,Lieder,33
530,"Lied ""Wo bist du, Bild?""",N/A,Prague,1787,Lieder,33
531,"Lied ""Die kleine Spinnerin, Was spinnst du?""",N/A,Vienna,1787,Lieder,33
532,"Terzetto ""Grazie agl'inganni tuoi"" (sketch)",N/A,Vienna,1787,Notturni & Polyphonic singing,12
533,"Sonata for Piano #15 (Allegro & Andante), with K.494",F Major,Vienna,1788,Piano sonatas,27
534,Contredanse for Orchestra,D Major,Vienna,1788,Dances and Marches,45
535,"Contredanse ""La Bataille"" for Orchestra",C Major,Vienna,1788,Dances and Marches,45
535a,3 Contredanses for Orchestra,N/A,Vienna,1788,Dances and Marches,45
535b,Contredanse,B Flat Major,Vienna,1788,Dances and Marches,45
536,6 German Dances for Orchestra,N/A,Vienna,1788,Dances and Marches,45
537,"Concerto for Piano #26 ""Coronation""",D Major,Vienna,1788,Concertos for piano,30
538,"Aria for Soprano ""Ah se in ciel""",N/A,Vienna,1788,"Arias, scenes, ensembles and choirs with orchestra",62
539,"Song ""Ich moechte wohl""",N/A,Vienna,1788,"Arias, scenes, ensembles and choirs with orchestra",62
540,Adagio for Piano,B minor,Vienna,1788,Piano Pieces,48
540a,"Aria for Tenor ""Dalla sua pace"" (for Don Giovanni)",N/A,Vienna,1788,"Arias, scenes, ensembles and choirs with orchestra",62
540b,"Duo for Soprano & Bass ""Per queste tue manine"" (for Don Giovanni)",N/A,Vienna,1788,"Arias, scenes, ensembles and choirs with orchestra",62
540c,"Recitative & Aria for Soprano ""In quali eccessi - Mi tradi"" (for Don Giovanni)",N/A,Vienna,1788,"Arias, scenes, ensembles and choirs with orchestra",62
541,"Arietta for Bass ""Un bacio di mano""",N/A,Vienna,1788,"Arias, scenes, ensembles and choirs with orchestra",62
542,"Trio for Piano, Violin & Cello",E Major,Vienna,1788,"Quintets, quartets and trios with piano",13
543,Symphony #39,E Flat Major,Vienna,1788,Symphonies,55
544,"March ""Ein kleiner Marsch""",D Major,Vienna,1788,Dances and Marches,45
545,"Sonata for Piano ""Facile"" #16",C Major,Vienna,1788,Piano sonatas,27
546,Adagio & Fugue for Strings (originally for 2 Pianos),C minor,Vienna,1788,Symphonies,55
546a,Movement for Piano & Violin,G Major,Vienna,1788,Sonatas and Variations for Piano and Violin,41
547,Sonata for Piano & Violin #36,F Major,Vienna,1788,Sonatas and Variations for Piano and Violin,41
547a,Sonata for Piano #19,F Major,Vienna,1788,Piano sonatas,27
548,"Trio for Piano, Violin & Cello",C Major,Vienna,1788,"Quintets, quartets and trios with piano",13
549,"Canzonetta for 2 Sopranos & Bass ""Piu non si trovano""",N/A,Vienna,1788,Notturni & Polyphonic singing,12
550,Symphony #40,G minor,Vienna,1788,Symphonies,55
551,"Symphony #41 ""Jupiter""",C Major,Vienna,1788,Symphonies,55
552,"Lied ""Beim Auszug in das feld, Dem hohen Kaiser-Worter treu""",N/A,Vienna,1788,Lieder,33
553,"Canon ""Alleluja""",N/A,Vienna,1788,Canons,26
554,"Canon ""Ave Maria""",N/A,Vienna,1788,Canons,26
555,"Canon ""Lacrimoso son io""",N/A,Vienna,1788,Canons,26
556,"Canon ""G'rechtelt's enk""",N/A,Vienna,1788,Canons,26
557,"Canon ""Nascoso e il mio sol""",N/A,Vienna,1788,Canons,26
558,"Canon ""Gehn ma in'n Prada""",N/A,Vienna,1788,Canons,26
559,"Canon ""Difficile lectu mihi""",N/A,Vienna,1788,Canons,26
560,"Canons ""O du eselhafter Martin"" - ""O du eselhafter Peierl""",N/A,Vienna,1788,Canons,26
561,"Canon ""Bona nox, bist a rechta Ox""",N/A,Vienna,1788,Canons,26
562,"Canon ""Caro, bell'idol mio""",N/A,Vienna,1788,Canons,26
562a,Canon,B Flat Major,Vienna,1788,Canons,26
562c,Canon for String Quartet,C Major,Vienna,1780,Canons,26
562e,"Trio for Violin, Viola & Cello (Fragment)",G Major,Vienna,1788,Duos and Trios for Strings and Winds,10
563,Divertimento for String Trio,E Flat Major,Vienna,1788,Duos and Trios for Strings and Winds,10
564,"Trio for Piano, Violin & Cello",G Major,Vienna,1788,"Quintets, quartets and trios with piano",13
565a,Contredanse,D Major,Vienna,1788,Dances and Marches,45
566,"Instrumentation of Handel's ""Acis & Galatea""",N/A,Vienna,1788,Supplement,21
567,6 German Dances for Orchestra,N/A,Vienna,1788,Dances and Marches,45
568,12 Minuets for Orchestra,N/A,Vienna,1788,Dances and Marches,45
569a,Sonata for Piano (Fragment),B Flat Major,Vienna,1787,Piano sonatas,27
570,Sonata for Piano #17,B Flat Major,Vienna,1789,Piano sonatas,27
571,6 German Dances for Orchestra,N/A,Vienna,1789,Dances and Marches,45
571a,"Comic Quartet ""Caro mio, Druck und Schluck""",N/A,Vienna,1789,Notturni & Polyphonic singing,12
572,"Instrumentation of Handel's ""The Messiah""",N/A,Vienna,1789,Supplement,21
573,9 Variations for Piano (Duport),D Major,Potsdam,1789,Variations for Piano,17
574,Gigue for Piano,G minor,Leipzig,1789,Piano Pieces,48
575,Quartet for Strings #21,D Major,Vienna,1789,String Quartets and Quartets with a Wind Instrument,33
576,Sonata for Piano #18,D Major,Vienna,1789,Piano sonatas,27
576a,Menuet for Piano,D Major,Vienna,1789,Piano Pieces,48
577,"Rondo for Soprano ""Al desio"" (for Le Nozze di Figaro)",N/A,Vienna,1789,"Arias, scenes, ensembles and choirs with orchestra",62
578,"Aria for Soprano ""Alma grande""",N/A,Vienna,1789,"Arias, scenes, ensembles and choirs with orchestra",62
579,"Aria for Soprano ""Un moto di gioia"" (for Le Nozze di Figaro)",N/A,Vienna,1789,"Arias, scenes, ensembles and choirs with orchestra",62
580,"Aria for Soprano ""Schon lacht der holde Fruehling""",N/A,Vienna,1789,"Arias, scenes, ensembles and choirs with orchestra",62
580a,Adagio for Winds,F Major,Vienna,1789,Divertimenti and serenades for wind instruments,18
580b,"Allegro for Clarinet, Basset-horn & Strings",F Major,Vienna,1789,String quintets and quintets with winds,17
581,Quintet for Clarinet & Strings,A Major,Vienna,1789,String quintets and quintets with winds,17
581a,Rondo for Clarinet & Strings,A Major,Vienna,1789,String quintets and quintets with winds,17
582,"Aria for Soprano ""Chi sa, chi sa, qual sia""",N/A,Vienna,1789,"Arias, scenes, ensembles and choirs with orchestra",62
583,"Aria for Soprano ""Vado, ma dove?""",N/A,Vienna,1789,"Arias, scenes, ensembles and choirs with orchestra",62
584,"Aria for Bass ""Rivolgete a lui lo sguardo"" (for Cosi fan tutte)",N/A,Vienna,1789,"Arias, scenes, ensembles and choirs with orchestra",62
584b,Movement for Basset-Horn & Orchestra,G Major,Vienna,1787,"Concertos for one or more string, wind",28
585,12 Minuets for Orchestra,N/A,Vienna,1789,Dances and Marches,45
586,12 German Dances for Orchestra,N/A,Vienna,1789,Dances and Marches,45
587,Contredanse for Orchestra,C Major,Vienna,1789,Dances and Marches,45
587a,Movement for String Quartet,G minor,Vienna,1789,String Quartets and Quartets with a Wind Instrument,33
588,Cosi fan tutte,N/A,Vienna,1790,Operas and Singspiels,21
589,Quartet for Strings #22,B Flat Major,Vienna,1790,String Quartets and Quartets with a Wind Instrument,33
589a,Rondo for String Quartet,B Flat Major,Vienna,1782,String Quartets and Quartets with a Wind Instrument,33
590,Quartet for Strings #23,F Major,Vienna,1790,String Quartets and Quartets with a Wind Instrument,33
590a,Sonata Movement for Piano,F Major,Vienna,1787,Piano sonatas,27
590b,Sonata Movement for Piano,F Major,Vienna,1787,Piano sonatas,27
590c,Sonata Movement for Piano,F Major,Vienna,1787,Piano sonatas,27
591,"Instrumentation of Handel's ""Alexander's Feast""",N/A,Vienna,1790,Supplement,21
592,"Instrumentation of Handel's ""Ode to Saint Cecilia""",N/A,Vienna,1790,Supplement,21
592b,Movement for String Quintet,D Major,Vienna,1787,String quintets and quintets with winds,17
593,Quintet for Strings,D Major,Vienna,1790,String quintets and quintets with winds,17
593a,Allegro for Mechanical Organ,D minor,Vienna,1790,Piano Pieces,48
594,Adagio & Allegro for Mechanical Organ,F minor,Vienna,1790,Piano Pieces,48
595,Concerto for Piano #27,B Flat Major,Vienna,1791,Concertos for piano,30
596,"Lied ""Komm, lieber Mai""",N/A,Vienna,1791,Lieder,33
597,"Lied ""Erwacht zum neuen Leben""",N/A,Vienna,1791,Lieder,33
598,"Lied ""Wir Kinder""",N/A,Vienna,1791,Lieder,33
599,6 Minuets for Orchestra,N/A,Vienna,1791,Dances and Marches,45
600,6 German Dances for Orchestra,N/A,Vienna,1791,Dances and Marches,45
601,4 Minuets for Orchestra,N/A,Vienna,1791,Dances and Marches,45
602,4 German Dances for Orchestra,N/A,Vienna,1791,Dances and Marches,45
603,2 Contredanses for Orchestra,N/A,Vienna,1791,Dances and Marches,45
604,2 Minuets for Orchestra,N/A,Vienna,1791,Dances and Marches,45
605,3 German Dances for Orchestra,N/A,Vienna,1791,Dances and Marches,45
606,6 German Dances for Orchestra,B Flat Major,Vienna,1791,Dances and Marches,45
607,"Contredanse for Orchestra ""Il Trionfo delle Donne""",E Flat Major,Vienna,1791,Dances and Marches,45
608,Fantasia for a Mechanical Organ,F minor,Vienna,1791,Piano Pieces,48
609,5 Contredanses for Orchestra,N/A,Vienna,1791,Dances and Marches,45
610,"Contredanse for Orchestra ""Les filles malicieuses""",G Major,Vienna,1787,Dances and Marches,45
612,"Aria for Bass ""Per questa bella mano""",N/A,Vienna,1791,"Arias, scenes, ensembles and choirs with orchestra",62
613,"6 Variations for Piano ""Ein Weib ist das herrlichste Ding""",N/A,Vienna,1791,Variations for Piano,17
613a,Movement for String Quintet,E Flat Major,Vienna,1784,String quintets and quintets with winds,17
613b,Movement for String Quintet,E Flat Major,Vienna,1786,String quintets and quintets with winds,17
614,Quintet for Strings,E Flat Major,Vienna,1791,String quintets and quintets with winds,17
616,Andante for a Small Mechanical Organ,F Major,Vienna,1791,Piano Pieces,48
617,"Adagio & Rondo for Glass Harmonica, Flute, Oboe, Viola & Cello",C minor,Vienna,1791,"Quintets, quartets and trios with piano",13
618,"Motet ""Ave, verum corpus""",D Major,Baden,1791,Smaller Church Works,19
619,"Cantata ""Die ihr des unermesslichen Weltalls""",N/A,Vienna,1791,"Oratorios, Sacred Singspiels and Cantatas",9
620,Die Zauberflöte,N/A,Vienna,1791,Operas and Singspiels,21
621,La clemenza di Tito,N/A,Prague,1791,Operas and Singspiels,21
621a,"Aria for Bass ""Io ti lascio, of cara, addio""",N/A,Prague,1791,"Arias, scenes, ensembles and choirs with orchestra",62
622,Concerto for Clarinet,A Major,Vienna,1791,"Concertos for one or more string, wind",28
623,"Cantata ""Eine kleine Freimaurer Kantata""",N/A,Vienna,1791,"Oratorios, Sacred Singspiels and Cantatas",9
623a,"Lied ""Lasst uns mit geschlungen Händen""",N/A,Vienna,1791,Supplement,21
625,"Comic duet ""Nun liebes Weibchen""",N/A,Vienna,1790,Supplement,21
626,Requiem,N/A,Vienna,1791,Masses and Requiem,29
626a,Modulating Prelude,G Major,Salzburg,1776,Piano Pieces,48
626b,Fugue,C minor,Vienna,1780,Supplement,21
626c,Finger Exercises,N/A,Vienna,1780,Piano Pieces,48
